timestamp,image
2022-04-01 13:14:10.318,images.png
2022-04-01 13:44:10.322,images 0.png
2022-04-01 14:14:10.328,images 1.png
2022-04-01 14:44:10.332,images 2.png
2022-04-01 15:14:10.339,images 3.png
2022-04-01 15:44:10.341,images 4.png
2022-04-01 16:14:10.378,images 5.png
2022-04-01 16:44:10.383,images 6.png
2022-04-01 17:14:10.385,images 7.png
2022-04-01 17:44:10.392,images 8.png
2022-04-01 18:14:10.400,images 9.png
2022-04-01 18:44:10.402,images 10.png
2022-04-01 19:14:10.406,images 11.png
2022-04-01 19:44:10.428,images 12.png
2022-04-01 20:14:10.443,images 13.png
2022-04-01 20:44:10.451,images 14.png
2022-04-01 21:14:10.453,images 15.png
2022-04-01 21:44:10.457,images 16.png
2022-04-01 22:14:10.460,images 17.png
2022-04-01 22:44:10.465,images 18.png
2022-04-01 23:14:10.466,images 19.png
2022-04-01 23:44:10.468,images 20.png
2022-04-02 00:14:10.472,images 21.png
2022-04-02 00:44:10.480,images 22.png
2022-04-02 01:14:10.481,images 23.png
2022-04-02 01:44:10.486,images 24.png
2022-04-02 02:14:10.489,images 25.png
2022-04-02 02:44:10.493,images 26.png
2022-04-02 03:14:10.499,images 27.png
2022-04-02 03:44:10.504,images 28.png
2022-04-02 04:14:10.505,images 29.png
2022-04-02 04:44:10.511,images 30.png
2022-04-02 05:14:10.515,images 31.png
2022-04-02 05:44:10.524,images 32.png
2022-04-02 06:14:10.527,images 33.png
2022-04-02 06:44:10.530,images 34.png
2022-04-02 07:14:10.533,images 35.png
2022-04-02 07:44:10.536,images 36.png
2022-04-02 08:14:10.546,images 37.png
2022-04-02 08:44:10.553,images 38.png
2022-04-02 09:14:10.558,images 39.png
2022-04-02 09:44:10.564,images 40.png
2022-04-02 10:14:10.565,images 41.png
2022-04-02 10:44:10.568,images 42.png
2022-04-02 11:14:10.571,images 43.png
2022-04-02 11:44:10.581,images 44.png
2022-04-02 12:14:10.585,images 45.png
2022-04-02 12:44:10.589,images 46.png
2022-04-02 13:14:10.595,images 47.png
2022-04-02 13:44:10.612,images 48.png
2022-04-02 14:14:10.614,images 49.png
2022-04-02 14:44:10.615,images 50.png
2022-04-02 15:14:10.616,images 51.png
2022-04-02 15:44:10.620,images 52.png
2022-04-02 16:14:10.624,images 53.png
2022-04-02 16:44:10.625,images 54.png
2022-04-02 17:14:10.628,images 55.png
2022-04-02 17:44:10.629,images 56.png
2022-04-02 18:14:10.633,images 57.png
2022-04-02 18:44:10.658,images 58.png
2022-04-02 19:14:10.660,images 59.png
2022-04-02 19:44:10.667,images 60.png
2022-04-02 20:14:10.668,images 61.png
2022-04-02 20:44:10.670,images 62.png
2022-04-02 21:14:10.671,images 63.png
2022-04-02 21:44:10.672,images 64.png
2022-04-02 22:14:10.675,images 65.png
2022-04-02 22:44:10.676,images 66.png
2022-04-02 23:14:10.678,images 67.png
2022-04-02 23:44:10.688,images 68.png
